﻿Epics,Tasks,Status
Untitled (https://www.notion.so/16ed041640ef808cb7d1c82c4b153c27?pvs=21),Analyse & Understand the Requirements,Yes
Untitled (https://www.notion.so/16ed041640ef807fa620e00218ff0c7f?pvs=21),Choose Data Management Approach,Yes
Untitled (https://www.notion.so/16ed041640ef807fa620e00218ff0c7f?pvs=21),Design the Layers,Yes
Untitled (https://www.notion.so/16ed041640ef807fa620e00218ff0c7f?pvs=21),Draw the Data Architecture (Draw.io),Yes
Untitled (https://www.notion.so/16fd041640ef80478925f8d26b557c65?pvs=21),Create Detailed Project Tasks (Notion),Yes
Untitled (https://www.notion.so/16fd041640ef80478925f8d26b557c65?pvs=21),Define Project Naming Conventions,Yes
Untitled (https://www.notion.so/16fd041640ef80478925f8d26b557c65?pvs=21),Create Git Repo & Prepare The Repo Structure,Yes
Untitled (https://www.notion.so/16fd041640ef80478925f8d26b557c65?pvs=21),Create Database & Schemas,Yes
Untitled (https://www.notion.so/16ed041640ef80608c10d1c171bd0182?pvs=21),Analysing: Source Systems,Yes
Untitled (https://www.notion.so/16ed041640ef80608c10d1c171bd0182?pvs=21),Coding: Data Ingestion,Yes
Untitled (https://www.notion.so/16ed041640ef80608c10d1c171bd0182?pvs=21),Validating: Data Completeness & Schema Checks,Yes
Untitled (https://www.notion.so/16ed041640ef80608c10d1c171bd0182?pvs=21),Document: Draw Data Flow (Draw.io),Yes
Untitled (https://www.notion.so/16ed041640ef80608c10d1c171bd0182?pvs=21),Commit Code in Git Repo,Yes
Untitled (https://www.notion.so/16ed041640ef803986f3c19d9beedc16?pvs=21),Analysing: Explore & Understand Data,Yes
Untitled (https://www.notion.so/16ed041640ef803986f3c19d9beedc16?pvs=21),Document: Draw Data Integration (Draw.io),Yes
Untitled (https://www.notion.so/16ed041640ef803986f3c19d9beedc16?pvs=21),Coding: Data Cleansing,Yes
Untitled (https://www.notion.so/16ed041640ef803986f3c19d9beedc16?pvs=21),Validating: Data Correctness Checks,Yes
Untitled (https://www.notion.so/16ed041640ef803986f3c19d9beedc16?pvs=21),Document: Extend Data Flow (Draw.io),Yes
Untitled (https://www.notion.so/16ed041640ef803986f3c19d9beedc16?pvs=21),Commit Code in Git Repo,Yes
Untitled (https://www.notion.so/16ed041640ef80eb8bb5f219b5bc35e2?pvs=21),Analysing: Explore Business Objects,Yes
Untitled (https://www.notion.so/16ed041640ef80eb8bb5f219b5bc35e2?pvs=21),Coding: Data Integration,Yes
Untitled (https://www.notion.so/16ed041640ef80eb8bb5f219b5bc35e2?pvs=21),Validating: Data Integration Checks,Yes
Untitled (https://www.notion.so/16ed041640ef80eb8bb5f219b5bc35e2?pvs=21),Document: Draw Data Model of Star Schema (Draw.io),Yes
Untitled (https://www.notion.so/16ed041640ef80eb8bb5f219b5bc35e2?pvs=21),Document: Create Data Catalog,Yes
Untitled (https://www.notion.so/16ed041640ef80eb8bb5f219b5bc35e2?pvs=21),Document: Extend Data Flow (Draw.io),Yes
Untitled (https://www.notion.so/16ed041640ef80eb8bb5f219b5bc35e2?pvs=21),Commit Code in Git Repo,Yes