﻿Epics,Name,Progress,Tasks
1,Requirements Analysis,,Untitled (https://www.notion.so/16fd041640ef80aab194eaa97bd1f35c?pvs=21)
2,Design Data Architecture,,"Untitled (https://www.notion.so/16fd041640ef809a88a2ff506a15c7d5?pvs=21), Untitled (https://www.notion.so/16fd041640ef80388f1fcb3e7fb82aa8?pvs=21), Untitled (https://www.notion.so/16fd041640ef80ea8cf9fad8f7151703?pvs=21)"
3,Project Initialization,,"Untitled (https://www.notion.so/16fd041640ef80999df7dfbc8626646a?pvs=21), Untitled (https://www.notion.so/16fd041640ef80b5a6b4f599bb7385c4?pvs=21), Untitled (https://www.notion.so/16fd041640ef8084ab2bc6fd9b0ecff5?pvs=21), Untitled (https://www.notion.so/16fd041640ef80cb9432fd6d689cfa17?pvs=21)"
4,Build Bronze Layer,,"Untitled (https://www.notion.so/16ed041640ef80f2b4f0ce748d25d09b?pvs=21), Untitled (https://www.notion.so/16fd041640ef801c872de24dcb7b8c86?pvs=21), Untitled (https://www.notion.so/16fd041640ef80938398d3147ae3f82b?pvs=21), Untitled (https://www.notion.so/16fd041640ef805aa645cf2dbf4b7cf5?pvs=21), Untitled (https://www.notion.so/16fd041640ef8020b71bee53cf7ecf4a?pvs=21)"
5,Build Silver Layer,,"Untitled (https://www.notion.so/16ed041640ef8095b9a5f64f8b75fc2b?pvs=21), Untitled (https://www.notion.so/16fd041640ef80b9839dd023b91cd936?pvs=21), Untitled (https://www.notion.so/16fd041640ef803e8138ef8678a7d681?pvs=21), Untitled (https://www.notion.so/16fd041640ef80f5a217cc9fa878ede0?pvs=21), Untitled (https://www.notion.so/16fd041640ef80df92d3eba5a8056973?pvs=21), Untitled (https://www.notion.so/16fd041640ef80a5924ce0d3838b9c35?pvs=21)"
6,Build Gold Layer,,"Untitled (https://www.notion.so/16ed041640ef801ebca0c4ee1268d820?pvs=21), Untitled (https://www.notion.so/16ed041640ef80148806c9e436ba51ee?pvs=21), Untitled (https://www.notion.so/16fd041640ef8082be39de097341a9bd?pvs=21), Untitled (https://www.notion.so/16fd041640ef80ffab26e8f28235a8e9?pvs=21), Untitled (https://www.notion.so/16fd041640ef802aa199fa0303b4c8ff?pvs=21), Untitled (https://www.notion.so/16fd041640ef80ab9922c1d8909cf99e?pvs=21), Untitled (https://www.notion.so/16fd041640ef805fb924d6d9fbcd18d3?pvs=21)"